Name,Confidence,Admitted
Brad Pitt,0.9093241753463336,1
Vikash,0.7752670230342654,1
Mahesh babu,0.9093241753463336,0
Rahul,0.8011938121038199,1
Margot,0.8011938121038199,0
Cassandra,0.8266534885982146,1
Jesus,0.6961907892076159,0
